{"_id":{"$oid":"5e426971f960050ff8ca78de"},"name":"urm","label":"urm","__v":{"$numberInt":"0"}}
{"_id":{"$oid":"5e426b6df960050ff8ca78df"},"name":"ratelist","label":"ratelist","__v":{"$numberInt":"0"}}
{"_id":{"$oid":"5e43a4766e6fc81b44028ed4"},"name":"conten mgmt","label":"conten mgmt","__v":{"$numberInt":"0"}}
{"_id":{"$oid":"5e456168ad8ee21a84b1cb92"},"name":"mom traker","label":"MOM Traker","__v":{"$numberInt":"0"}}
{"_id":{"$oid":"5e4b76693865bc1c444f5d3d"},"name":"taxes","label":"Taxes","__v":{"$numberInt":"0"}}
