{"_id":{"$oid":"5e4236cefb640f2a784e1235"},"name":"12.2","label":"release 12.2","__v":{"$numberInt":"0"}}
{"_id":{"$oid":"5e4236e3fb640f2a784e1236"},"name":"12.20","label":"release 12.2","__v":{"$numberInt":"0"}}
{"_id":{"$oid":"5e43a45b6e6fc81b44028ed3"},"name":"8.3","label":"3.8","__v":{"$numberInt":"0"}}
{"_id":{"$oid":"5e4544110fa1552c50e6a856"},"name":"10.1","label":"release 10.1","__v":{"$numberInt":"0"}}
{"_id":{"$oid":"5e4559e1b4ec4f1904280efc"},"name":"10.11","label":"release 10.11","__v":{"$numberInt":"0"}}
{"_id":{"$oid":"5e455a32b4ec4f1904280efd"},"name":"12.1","label":"release 12.1","__v":{"$numberInt":"0"}}
{"_id":{"$oid":"5e4b7dd13865bc1c444f5d3f"},"name":"9.3","label":"Release 9.3","__v":{"$numberInt":"0"}}
